Job Title,Location,Company,Experience
Data Scientist In SINGAPORE,"Bangalore
+1",adal immigrations llp,3 to 8 Yrs
Data Scientist,"Bangalore
+6",techno endura,0 to 2 Yrs
Lead Data Scientist,"Bangalore
+8",spento papers (india) llp,12 to 22 Yrs
Data Scientist,"Bangalore
+9",future solution centre,2 to 7 Yrs
Data Scientist,"Bangalore
+2",the christopher's consulting and re...,0 to 2 Yrs
Data Scientist,Bangalore,eliterecruitments hiring for global...,4 to 8 Yrs
Data Science Analytics,"Bangalore
+7",mackenzie modern it solutions priva...,5 to 8 Yrs
sql data analysis,"Bangalore
+1",ikaya solutions private limited,3 to 6 Yrs
Data Analyst,"Bangalore
+4",aryan technology,0 to 4 Yrs
Data Catalog with Data Goverance,"Bangalore
+8",ltimindtree limited,6 to 11 Yrs
