Car Name,Price
McLaren Senna GTR,Price: $1.7 Million
Czinger 21C,Price: $1.7 Million
Ferrari Monza,Price: $1.7 Million
Gordon Murray T.33,Price: $1.7 Million
Koenigsegg Gemera,Price: $1.8 Million
Hennessey Venom F5,Price: $1.9 Million
Bentley Bacalar,Price: $1.9 Million
Hispano Suiza Carmen Boulogne,Price: $2.0 Million
Bentley Mulliner Batur,Price: $2.0 Million
SSC Tuatara,Price: $2.1 Million
Lotus Evija,Price: $2.3 Million
Aston Martin Vulcan,Price: $2.3 Million
Delage D12,Price: $2.3 Million
Ferrari Daytona SP3,Price: $2.3 Million
McLaren Speedtail,Price: $2.4 Million
Rimac Nevera,Price: $2.5 Million
Pagani Utopia,Price: $2.5 Million
Pininfarina Battista,Price: $2.6 Million
Gordon Murray T.50,Price: $2.6 Million
Lamborghini Countach,Price: $2.7 Million
Hennessey Venom F5 Revolution,Price: $2.8 Million
Mercedes-AMG Project One,Price: $3.0 Million
Zenvo Aurora,Price: $3.0 Million
Aston Martin Victor,Price: $3.2 Million
Hennessey Venom F5 Roadster,Price: $3.4 Million
Koenigsegg Jesko,Price: $3.6 million
Aspark Owl,Price: $3.7 Million
Aston Martin Valkyrie,Price: $3.9 Million
W Motors Lykan Hypersport,Price: $4.5 Million
McLaren Solus,Price: $4.7 Million
Pagani Huayra Evo R,Price: $4.8 Million
Lamborghini Sian,Price: $5.0 Million
Koenigsegg CC850,Price: $5.8 Million
Bugatti Chiron Super Sport 300+,Price: $7.4 Million
Gordon Murray Automotive T.50s Niki Lauda,Price: $8.0 Million
Pagani Huayra Roadster BC,Price: $9.0 Million
Lamborghini Veneno,Price: $10.8 Million
Bugatti Bolide,Price: $12.8 Million
Pininfarina B95 Speedster,Price: $13.4 Million
Bugatti Mistral,Price: $28.0 Million (est.)
Bugatti Divo,Price: $30 Million (est.)
